{"cameraMode":{"drawMode":0,"name":"Shaded","section":"Shading Mode"},"sceneLighting":true,"audioPlay":false,"sceneViewState":{"m_AlwaysRefresh":false,"showFog":true,"showSkybox":true,"showFlares":true,"showImageEffects":true,"showParticleSystems":true,"showVisualEffectGraphs":true,"m_FxEnabled":true},"in2DMode":false,"pivot":{"x":495.26470947265627,"y":403.90496826171877,"z":-1.97357177734375},"rotation":{"x":-0.06759230047464371,"y":-0.06968539208173752,"z":0.004732917062938213,"w":-0.9952666759490967},"size":282.6646728515625,"orthographic":false}